Cell,BACH1(+),BCL6(+),BHLHE41(+),CEBPA(+),CEBPB(+),CEBPD(+),DLX1(+),EBF4(+),EGR1(+),ELF1(+),ELK3(+),ETS2(+),ETV1(+),ETV5(+),ETV6(+),FOS(+),FOSL2(+),FOXO1(+),FOXP2(+),IKZF2(+),IRF2(+),IRF7(+),IRF9(+),JUN(+),JUNB(+),KLF15(+),LEF1(+),MAF(+),MAFB(+),MITF(+),NFATC1(+),NFE2L2(+),NFKB2(+),NHLH2(+),NKX6-2(+),POU2F2(+),PPARG(+),PRDM1(+),RB1(+),RFX2(+),RFX4(+),SOX21(+),SOX9(+),STAT3(+),TCF12(+),TCF7L1(+),TCF7L2(+),VEZF1(+),ZBTB37(+),ZFHX3(+),ZNF331(+),ZNF521(+),ZNF652(+)
87779516_pool0,0.00969918133657491,0.013091443674147812,0.0,0.0,0.012786882735252933,0.009483194873878685,0.0,0.0,0.005059918367734939,0.06542115830603895,0.0,0.002299766783906699,0.0695920607149787,0.0724597493061758,0.013759989540701891,0.009412958754567468,0.03752581267259166,0.16011505812296425,0.0,0.10608322461750382,0.09855036125956895,0.0,0.0019300081598255126,0.0172573670701464,0.00497510235740281,0.07931662585990361,0.0,0.0,0.0,0.045764977738050584,0.0,0.07105762245342613,0.014956461043765102,0.0,0.0,0.0,0.0,0.0,0.11068905617296541,0.09984293995766573,0.07767551728468927,0.003618156292674987,0.1063461654124561,0.034870646051076676,0.06332588667470758,0.008580639023587555,0.11625304039576623,0.0,0.09947063430615333,0.0,0.0,0.4323778964106953,0.0
87779516_pool1,0.010174873318374456,0.012522915413962794,0.0,0.0,0.014310652532767976,0.010460566809438115,0.0,0.0,0.005419976308413914,0.06167431007287479,0.0,0.0023005288564851927,0.07296802115281116,0.07519870865473328,0.014183082086825775,0.009537909534495355,0.036797820125614576,0.16126988108807078,0.0,0.10263760002090061,0.09851425824031429,0.0,0.006464545794604253,0.018020123625732985,0.00458868664032298,0.09972645623706917,0.0,0.0,0.0,0.054536598471176936,0.0,0.06974410262928307,0.02041354818135507,0.0,0.0,0.0,0.0,0.0,0.10670525270305348,0.08124744357920612,0.08447172297810202,0.010613258458513295,0.10634201923008424,0.035440749933347226,0.06190531233036539,0.00419497907819836,0.11563719559274636,0.0,0.0941001409436438,0.009766119488036455,0.0,0.41938610948518124,0.0
50100770_pool0,0.008317829065219065,0.014959734954770064,0.0,0.0,0.012571574254038823,0.01456885278485502,0.0,0.0,0.006034722978776549,0.053414070618562445,0.0,0.0024650485561900004,0.07136153817766532,0.07690942533503864,0.027290761868966767,0.009288007974639582,0.0402377723932566,0.15360045535945832,0.0,0.11280609397500271,0.09656421272538857,0.0,0.005597023663493987,0.016971333361801434,0.008259635952581364,0.07617088091352388,0.0,0.0009566354791778945,0.0,0.05301109921324192,0.0,0.07215555428105354,0.005052858460731453,0.0,0.0,0.0,0.0,0.0,0.12476901433453788,0.0837980053949483,0.07795143041666487,0.02964788770506322,0.08752108779655841,0.04224805681343122,0.06219324401562291,0.004957702546961699,0.10820442270923256,0.0,0.09702307593094378,0.0,0.0,0.431518676945128,0.0
50300408_pool0,0.019410156785041932,0.027443428519553607,0.0,0.0,0.02389911793499652,0.013930097329105296,0.0,0.0,0.005208691559785864,0.05901475413924549,0.0,0.0021879136500763817,0.07957364486320533,0.0735614805912518,0.02606471638756108,0.015957102673051265,0.05323791187407301,0.14534487383882183,0.0,0.09847262908059348,0.08671308135443917,0.0,0.009399156631514619,0.018782880181319565,0.018923904118247153,0.12929835486067745,0.0,0.010174600094494035,0.0,0.06216409476085204,0.0,0.0669738700640833,0.013541660674760293,0.0,0.0,0.0,0.0,0.0,0.1057501536325165,0.09595866841317381,0.08695006686293609,0.04249323796148904,0.06779908274658461,0.04653208021089093,0.0685277410912882,0.018305363250320117,0.11021616888379854,0.051846376906053405,0.11145037724878765,0.0,0.0,0.4081093986044595,0.0
50300408_pool1,0.019375928357804516,0.026613986353984057,0.0,0.0,0.026812331589976864,0.009915984118201967,0.0,0.0,0.005221770071034393,0.065206117981446,0.0,0.0023369584283894863,0.07899750615707976,0.07757537970408718,0.025592440806053073,0.013511195769826442,0.05106607628059971,0.1374302940511917,0.0,0.09858710228453818,0.08443550865493368,0.0,0.010628001397461154,0.019831670445251113,0.019573732783612744,0.12385958543678095,0.0,0.009867127934882746,0.0,0.07513083845329971,0.0,0.06656192569161927,0.01192474596732623,0.0,0.0,0.0,0.0,0.0,0.0964320804840784,0.1061055787438302,0.07931739692965377,0.05520636768550513,0.08055434064450855,0.04485567322961381,0.0685277410912882,0.02345374666447265,0.10667989725321576,0.0612075282918686,0.10067340443693483,0.0,0.0,0.4112179149438144,0.0
50400385_pool0,0.015234370702287706,0.017186122950519578,0.0,0.0,0.01263521152913083,0.007372423572016545,0.0,0.0,0.004774354555156754,0.05263698461075159,0.0,0.002368004907490925,0.07532635249325866,0.06406349436479594,0.0169947929762076,0.00870490433497611,0.042320436973165856,0.14861931991930485,0.0,0.10795263088163304,0.11169379217426009,0.0,0.0012080359210359778,0.018592191042422917,0.008066428094041449,0.14213404432701884,0.0,0.0012050173487733113,0.0,0.059875845873949514,0.0,0.06383748360090426,0.00323382941486813,0.0,0.0,0.0,0.0,0.0,0.09317810144738317,0.08225287289703141,0.09519646399805343,0.0,0.09866176725521958,0.04286279531885151,0.07265791208695505,0.007582549545847349,0.13001667201399403,0.0,0.09176298220761736,0.005627933264292195,0.0,0.38918206514232145,0.0
51624179_pool0,0.0077202601548387855,0.03739736549051404,0.0,0.0,0.020112996343411103,0.017102899268126928,0.0,0.0,0.005130349661028948,0.04781009340069727,0.0,0.0025538384568854623,0.07218453838298002,0.07106682477125142,0.04843355294442674,0.009704510574399203,0.04605285320787712,0.12275446109935753,0.0,0.1094631716768573,0.08155084778889447,0.0,0.025257025823792783,0.03168867756932751,0.008935863457471065,0.09461193476622556,0.0,0.0029893699613799452,0.0,0.04080710514976177,0.0,0.07278709593973771,0.027083321349520587,0.0,0.0,0.0,0.0,0.0,0.09287158274433509,0.08509427004279578,0.10531763787984011,0.015678677268258275,0.0829431622980363,0.052933851833984906,0.06737601435025815,0.002811483191659861,0.11670046240476382,0.0,0.07629884238014187,0.0,0.0,0.34826534141132826,0.0
50105437_pool0,0.009574684689759515,0.01403757557567092,0.0,0.002059339752838486,0.020799041974477846,0.02976375678668695,0.0,0.0,0.0162015696016781,0.03863346054891329,0.0,0.009617349206302722,0.04638220827498853,0.0749959390755115,0.011936084570962692,0.010037712654206903,0.03672179970769276,0.1368063738975892,0.003351173324565398,0.09610305601507026,0.11288004538885266,0.0,0.006304693322096675,0.015541164820076595,0.01004803148288551,0.08549798077113271,0.0,0.0,0.0,0.0,0.0,0.07607499030659633,0.033550980179256853,0.0,0.0,0.0,0.0,0.0,0.07724028272639023,0.016812686695342145,0.07045089727255831,0.0,0.11658509033123671,0.029580132319831098,0.0675960995442967,0.0,0.1114950243318912,0.0,0.06605994254097536,0.020285754482396615,0.0,0.26281442631711815,0.0
50108886_pool0,0.014401958096080572,0.019869321543524502,0.0,0.0,0.018161556252475675,0.00550741270369775,0.0,0.0,0.005010755424746218,0.07935862017042526,0.0,0.0021439143491851307,0.07237539799949727,0.07154681352259218,0.01628890875695914,0.010037712654206903,0.042125711385151095,0.14562541403525922,0.0,0.09247898467802297,0.08718627542752341,0.0,0.01357175461160067,0.019831670445251113,0.009225675245280939,0.19803434046573787,0.0,0.014934413346721355,0.0,0.07665633771123471,0.0,0.06918578207857928,0.02890235039538391,0.0,0.0,0.0,0.0,0.0,0.10812672996778341,0.22766196838526084,0.08230297140805434,0.03834352404571395,0.07892033296536649,0.03700457126350979,0.06478462918294052,0.012203575500213412,0.10625357358499678,0.0,0.10015955438933836,0.0,0.0,0.41474583528056935,0.0
67185070_pool0,0.007901913334952639,0.018818471364711983,0.0,0.0,0.013460000774308145,0.01776282962391947,0.0,0.0,0.004906549435580338,0.039236456688538444,0.0,0.0023847164530096804,0.06190411575675904,0.07627044252347344,0.027335689957874727,0.009912761874279016,0.03403698225212513,0.12196945104825381,0.0,0.1013588041796369,0.08963845816900458,0.0,0.010293376852402735,0.0193549475980095,0.0007728314341596598,0.06190246080876332,0.0,0.0032674508880199404,0.0,0.015254992579350193,0.0,0.0744956810970367,0.016977604428057683,0.0,0.0,0.0,0.0,0.0,0.08072879832666653,0.026775760292581934,0.06960860316580351,0.01664351894630494,0.0853576663797459,0.036392922625644836,0.06593635592397058,0.0,0.1126778250723419,0.0,0.07423563883961554,0.00033105489789954086,0.0,0.36329799541744406,0.0
93815598_pool0,0.008912368598277189,0.03531024843837372,0.0,0.0,0.023629220107070782,0.020959454058099323,0.0,0.0,0.005923261711490232,0.04561884533931177,0.0,0.0022995305262691274,0.07049468304025007,0.06907193987941407,0.04609766150797825,0.00945460901454343,0.04989373415740706,0.14114973992971488,0.0,0.11976571980728971,0.08854716100055122,0.0,0.013576297794701951,0.020880460709182664,0.01521813998459353,0.08000456477010334,0.0,0.0008110693693666519,0.0,0.0625454695753358,0.0,0.07613655637192393,0.019807205166067297,0.0,0.0,0.0,0.0,0.0,0.09024503498902686,0.07734973664905276,0.09862797313654338,0.03352824831212155,0.0716849656825652,0.0535734611897038,0.0685277410912882,0.012779662776202539,0.12268713732588263,0.031683896998143744,0.09552153797327073,0.0,0.0,0.3953441676104253,0.0
33477756_pool0,0.007447780384668004,0.019350076698658816,0.0,0.0,0.013623175979768561,0.009384111449676493,0.0,0.0,0.005427035512987739,0.035188523629637605,0.0,0.0021817433074788157,0.05767642293705553,0.07356872995999517,0.019421312816147365,0.009412958754567468,0.04171802982194557,0.14098255797687886,0.0,0.10941220445836256,0.09985063475864925,0.0,0.0048893540048912994,0.017448056209043047,0.006182651473277278,0.11498059483545967,0.0,0.0,0.0,0.05873172143049824,0.0,0.0703158164935871,0.021019891196642847,0.0,0.0,0.0,0.0,0.0,0.09796874014740348,0.041465711369952536,0.08491437494873114,0.013990204331676616,0.08431588868345329,0.03560821622724501,0.061329448959850374,0.0,0.1143660081958062,0.0,0.08563598342260031,0.0,0.0,0.40941741951462357,0.0
89614402_pool0,0.009309725480835005,0.013819658622707575,0.0,0.0,0.014433030168551063,0.0025109838818237243,0.0,0.0,0.005811277296505302,0.06303751633051918,0.0,0.0024756692541298944,0.06992233317015556,0.07145064051254106,0.012050462028810195,0.009246357714663618,0.03955649357451825,0.14989633449972484,0.00047873904636648546,0.09997232192256916,0.10235387221602041,0.0,0.0008363368692577222,0.019736325875802794,0.007293596659881788,0.12226714055991535,0.0,0.0016684855598399695,0.0,0.06368959401878706,0.0,0.06867170794743231,0.010914174275179938,0.0,0.0,0.0,0.0,0.0,0.08486394787576546,0.21940278310976347,0.09205534466535825,0.01712593978532827,0.05968819601550229,0.034765507543557145,0.06593635592397058,0.0186663078894155,0.1212021133341419,0.0,0.07749810234622637,0.001986329387397245,0.0,0.38674374674393375,0.0
50103093_pool0,0.007220713909525687,0.08056629014816423,0.0,0.0,0.03433161115740986,0.07150980940800362,0.0,0.0,0.006982656609920218,0.030429743563683498,0.0,0.0028780368484233937,0.0410703220504912,0.05852259027516291,0.10699801545199303,0.01959964008965418,0.062234090430684924,0.12849964785260065,0.018192083761926447,0.13804675126721513,0.08426420335299549,0.0,0.057954014063452776,0.04051178059069979,0.02983155441213024,0.03977804819488014,0.0,0.0016221387387333039,0.0,0.006483371846223832,0.0,0.08260533677251643,0.02829600738009614,0.0,0.0,0.0,0.0,0.0,0.0513777734401089,0.07465310615488224,0.1409024920730079,0.04341787551209985,0.0558304278824703,0.079606499787792,0.05758633705150269,0.03007460880232941,0.13809531385436688,0.0,0.05627025514256077,0.0,0.0,0.28808536463636086,0.005475012204424752
63874408_pool0,0.032580999337017365,0.024980149800135906,0.0,0.0,0.015486730257659108,0.004531884854563797,0.0,0.0,0.004021913006250264,0.08395131387588071,0.0,0.002427575899389104,0.07720024624508043,0.05743386790885584,0.01164867440370542,0.01933089938571912,0.06862519306545956,0.1460048814460435,0.0,0.0846816899189092,0.07694520105656773,0.21154753166419812,0.0093348230261871,0.014778408264490013,0.011875338393719754,0.17133929804067133,0.0,0.02039547068366153,0.0,0.06483371846223833,0.0,0.06868016495521462,0.025062177965228007,0.0,0.0,0.0,0.0,0.0,0.14776587259736598,0.19119734910104816,0.07923134272435302,0.02568757193126179,0.06704013000876245,0.03957135482348629,0.06795187772077317,0.02337195512359512,0.10487748997624267,0.10945346235722385,0.14822370633450216,0.0,0.0,0.42913538971302956,0.0
70153803_pool0,0.006267034713927954,0.00785098764629518,0.0,0.0,0.009636065724741585,0.011916634632755947,0.0,0.0,0.004940235677681891,0.054130917988539605,0.0,0.002362003435975947,0.056075245099711395,0.07405973058457806,0.013050764121808464,0.008954805894831884,0.03510410265284978,0.16782473336969975,0.012925954251895107,0.1088288088726742,0.12001091799203623,0.0,0.0,0.014206340847800076,0.003284533595178554,0.10426931694590791,0.0,0.0,0.0,0.009534370362093873,0.0,0.06572297640166934,0.02041354818135507,0.0,0.0,0.0,0.0,0.0,0.10035929642154173,0.1527096643541043,0.09459677281495266,0.0,0.0860177001407744,0.03314145440502525,0.06276336385754527,0.013729022437740088,0.13113016906948038,0.0,0.08850832463637405,0.009269537141187145,0.0,0.40821121714569497,0.0
8132197_pool0,0.00832203355867212,0.046945144011133,0.0,0.0,0.02222111390840554,0.03345197174835905,0.0,0.0,0.006804708882204887,0.06090948914620297,0.0,0.0028095869027736343,0.06775293170413633,0.05627766975457888,0.07021479607177815,0.00984536347450097,0.05006885845020855,0.13561334524170218,0.0,0.13530025032094237,0.09441090859464259,0.0,0.015464583586787635,0.03518847018301979,0.013430339147695983,0.031100116537746265,0.0,0.003862628025541566,0.0,0.0,0.0,0.0936164601201419,0.017583947443345457,0.0,0.0,0.0,0.0,0.0,0.1264978477709582,0.00431323490828578,0.12324869014771739,0.03569914208772654,0.07422681121560014,0.05671102020289192,0.06622428760922809,0.0009534043359541727,0.1311078005874803,0.0,0.1074994110741501,0.009600592039086685,0.0,0.33804150258127463,0.0
5779736_pool0,0.01028725893994629,0.020055934713859053,0.0,0.0,0.013066342660862155,0.00213305005240303,0.0,0.0,0.00471926778310606,0.05550604438271861,0.0,0.00245181255251147,0.0742609526246712,0.07325470031911294,0.014300671094539455,0.008788204854928034,0.040028885019852765,0.13667307645961432,0.0,0.0932044305825993,0.08341010041040961,0.0,0.0,0.01716202250069808,0.00724529469524681,0.09530118327638351,0.0,0.004426121415686586,0.0,0.060638595502917024,0.0,0.06670443383075655,0.011318402952038455,0.0,0.0,0.0,0.0,0.0,0.09543904253205264,0.10732900687992569,0.06671025355720253,0.0,0.05888183978503698,0.03701296974622608,0.06954217226636586,0.0028602130078625183,0.11291557137555619,0.0,0.09581863700312791,0.00397265877479449,0.0,0.41835738221411395,0.0
60747316_pool0,0.00699364743438337,0.04130326481291027,0.0,0.0,0.0429420586413005,0.05875552343249267,0.0,0.0,0.004445411321390517,0.054434756266422635,0.14732538576016796,0.002396957823247816,0.0701837380921236,0.05131214313714723,0.07278645219827623,0.026072279081834595,0.09483522826833243,0.1360986293947178,0.020346409470575633,0.1259753312454864,0.11559008410107781,0.0,0.016636344231021272,0.03431846133818219,0.03639244928105217,0.07443966155496468,0.0,0.0,0.0,0.0015254992579350193,0.0,0.0781563859637111,0.020009319504496553,0.0,0.0,0.0,0.0,0.0,0.0666268994589233,0.07847299591384727,0.11886222801512224,0.0,0.08575169471153445,0.0701359952727081,0.06680015097974312,0.046631099406192686,0.1549341816750195,0.1152141709023409,0.07597127577497817,0.021187513465570615,0.0,0.31102786240307967,0.002395317839435829
94722642_pool0,0.008673939350436517,0.03528131676693126,0.0,0.0,0.0327805376497643,0.05511321249966353,0.0,0.0,0.005886473938060769,0.03303008661144703,0.0,0.002454289897432822,0.04188328735005944,0.07482155763434738,0.06172647947012628,0.00978781109435113,0.05235973839162306,0.16346289591384638,0.0007181085695497282,0.12140322496773714,0.1177561732627841,0.0,0.008554406426937344,0.018115468195181304,0.01454505795711517,0.0720591852477224,0.0,0.0,0.0,0.019831490353155252,0.0,0.07827155255187646,0.014754346705335843,0.0,0.0,0.0,0.0,0.0,0.06982575989303627,0.0,0.11696070663930513,0.018573202302398267,0.11159139223420562,0.060534193029697245,0.05441908851367004,0.0,0.12721571800388493,0.0,0.06333290597006566,0.011752448875433702,0.0,0.344779867210826,0.0
57978756_pool0,0.01143963547470541,0.055930563016861785,0.0,0.0,0.023148790368884068,0.06573180821274445,0.0,0.0,0.005337269228612425,0.06597262643371186,0.0,0.002587926765138046,0.08197620295936549,0.051043690602325456,0.07907433809212347,0.009371308494591505,0.06966951911424243,0.1562946653261363,0.026091278026973457,0.13930085381346652,0.11032311335444014,0.0,0.020426789210244715,0.015373317265102892,0.018018109645739588,0.04311658259544851,0.0,0.0,0.0,0.0,0.0,0.10503074293838086,0.011318402952038455,0.0,0.0,0.0,0.0,0.0,0.10228682358168008,0.057797347771029454,0.1484838181684375,0.0,0.09077226097206659,0.07680388077428918,0.06536049255345557,0.012775618101785916,0.14691071318055446,0.015266258395229436,0.09674258435634896,0.01589063509917796,0.0,0.30882195935655715,0.008684084326395431
4879843_pool0,0.007584020269753395,0.06405073626638405,0.0,0.0,0.03592270814943873,0.09973977247447724,0.0,0.0,0.007337813761339806,0.03024945563218402,0.0,0.003042499861652106,0.06660249504935183,0.06703631767196996,0.1426375404970687,0.012896755756407738,0.07973016730279087,0.11962961039596366,0.014840910437361049,0.15575155293558057,0.09580926322741631,0.0,0.02072014052915113,0.021642080626553085,0.03686784001333918,0.02741131848646108,0.0,0.0,0.0,0.0,0.0,0.09441438760959375,0.00020211433842925812,0.0,0.0,0.0,0.0,0.0,0.06823315270835066,0.04140705511954349,0.14157509047210037,0.036905194185284866,0.07652775320377828,0.08210027313381241,0.06680015097974312,0.009152681625160058,0.14340294748599233,0.013994070195626984,0.07313623875837771,0.0,0.0,0.30230494415501974,0.0
98953007_pool0,0.012948170872196501,0.024095928805941517,0.0,0.0,0.019296485272187174,0.008189944481197777,0.0,0.0,0.005678242153719668,0.08315565031885072,0.0,0.0022610073910202867,0.0763428104458383,0.07388753072499366,0.03209309063788574,0.009912761874279016,0.046574821653739225,0.1573057399442911,0.0,0.114337808049528,0.09433145090357847,0.04254587229000632,0.007910397342779164,0.020594427000837693,0.009370581139185874,0.1555990990675194,0.0,0.0024187935564514546,0.0,0.07551221326778346,0.0,0.07999429530317559,0.03314675150239833,0.0,0.0,0.0,0.0,0.0,0.1393830477046767,0.11750734337516311,0.09570059832030299,0.025256071538622717,0.08922808378088891,0.04222989016960909,0.06017772221882032,0.005339064281343367,0.11766350128736622,0.015841948499071872,0.11575527870171474,0.0016552744894977045,0.0,0.46478142522202737,0.000342188262776547
50404163_pool0,0.006675754369184125,0.007533744274013627,0.0,0.0,0.010515095019446235,0.007818524202436656,0.0,0.0,0.004538487419098781,0.04038577882455948,0.0,0.0021281973038095774,0.0599141822332639,0.07606461873004006,0.008143905894497141,0.008871505374879959,0.030608113902694623,0.1425785196117118,0.0,0.09555169422683474,0.10385482197935869,0.0,0.004760686794236265,0.01182272661159201,0.0,0.08247229063498722,0.0,0.002803982676953282,0.0,0.012585368877963911,0.0,0.06331677672305222,0.008084573537170325,0.0,0.0,0.0,0.0,0.0,0.11151981196196059,0.05728767318412879,0.06192983785919469,0.003135735453651655,0.08882541002123565,0.029050087782602933,0.0641630006237747,0.0,0.11721407204679386,0.0,0.08955625680018942,0.013573250813881176,0.0,0.40642611470357787,0.0
81852640_pool0,0.00831063299020881,0.013289668929433871,0.0,0.0,0.013125493267187422,0.010822717270702472,0.0,0.0,0.004527675470539192,0.04021550986177237,0.0,0.0022103882399019353,0.061541865902914855,0.07700610699402607,0.008898367690976055,0.009329658234615543,0.037390733547144596,0.14729169638952586,0.0,0.10293611579592053,0.10357791672028127,0.0,0.003474014687685923,0.016589955084008144,0.0061343495086423,0.10669542954760905,0.0,0.0,0.0,0.024789362941444064,0.0,0.0670237259511573,0.02263680590407691,0.0,0.0,0.0,0.0,0.0,0.0863313615890848,0.08588092269083289,0.08063026575310563,0.0,0.0925768671339249,0.030317404538127018,0.06680015097974312,0.0,0.1150409996698857,0.0,0.08551740770179593,0.006786625406940588,0.0,0.39049709461112886,0.0
65001607_pool0,0.015469024396452502,0.008755037049006507,0.0,0.0,0.013331074061744554,0.009492638482710295,0.0,0.0,0.003970941926133863,0.0563883218607838,0.0,0.0024158598350235354,0.06727767953781867,0.07658591710028911,0.009678921268398156,0.008621603815024186,0.035583908513712584,0.14978468228723776,0.0,0.0838854719639252,0.09581078994943364,0.0,0.0010293376852402736,0.008867044958694007,0.004153968958608171,0.1457430712079452,0.0,0.0030894592038320976,0.0,0.06826609179259212,0.0,0.05756741045767119,0.006063430152877744,0.0,0.0,0.0,0.0,0.0,0.1033127217640909,0.08798999212902991,0.06922635136479026,0.020077642429032202,0.08168987012303985,0.03409419278320598,0.05701047368098767,0.03171773874434452,0.11147834500413292,0.0,0.09687126002919455,0.005627933264292195,0.0,0.42948176910734726,0.0
61827429_pool0,0.00885559253055037,0.01653587470098859,0.0,0.0,0.01516906694741651,0.009880529767317937,0.0,0.0,0.00506038966194257,0.05432106700111306,0.0,0.0024944781930660597,0.06743332411079982,0.07403508894019813,0.017272640217517194,0.00978781109435113,0.038037106864069026,0.14514622612164,0.004548020940481612,0.10113371689796377,0.09974126764308944,0.0,0.0057347772403515814,0.020213048723044403,0.0066173691549920866,0.0685424701442447,0.0,0.0009732832432399822,0.0,0.008390245918642607,0.0,0.06879145548407228,0.010509945598321423,0.0,0.0,0.0,0.0,0.0,0.08681846052117623,0.14285411016420385,0.07755150351010898,0.0,0.06310530397585183,0.03709043586495538,0.06478462918294052,0.014430688343847727,0.12043779604953832,0.0,0.08179310871695793,0.00380713132584472,0.0,0.39491388751457457,0.0
52509923_pool0,0.015295545199338284,0.03338829655905352,0.0,0.0,0.025150406658962485,0.04404204842901315,0.0,0.0,0.00661013863778086,0.04912447172851274,0.0,0.002421671330786542,0.060570750091645434,0.08129358641692919,0.05430194829881171,0.009579559794471317,0.051802629432928335,0.15333651731815853,0.0,0.12491127158457963,0.09422826967206642,0.0,0.006530169450671194,0.018401501903526275,0.01865970555995867,0.0709218109839536,0.0,3.793594370086432e-05,0.0,0.05415522365669319,0.0,0.07792797899406835,0.014350118028477327,0.0,0.0,0.0,0.0,0.0,0.09534337443192413,0.08540205118405844,0.1095034430145283,0.04154224118398062,0.0988533018216187,0.05731030409639281,0.06680015097974312,0.018877405851892622,0.1213563257136427,0.0162840089549114,0.0981792285576412,0.0,0.0,0.410764345955868,0.0
50103129_pool0,0.006162587914938984,0.01533709804938159,0.0,0.0,0.028985138127882403,0.008941884976525673,0.0,0.0,0.00459933944882891,0.07026667125679295,0.0,0.0021309130759391095,0.06640251897160002,0.05330702802898458,0.010152649362295608,0.009954412134254978,0.03784025777337016,0.12812005631681328,0.00885667235777998,0.10807852495202977,0.0914603373794508,0.0,0.007141030191354397,0.019068913889664533,0.00466493796140979,0.09227528317276679,0.0,0.005707648742949647,0.0,0.04996010069737188,0.0,0.06947169428311746,0.024253720611510977,0.0,0.0,0.0,0.0,0.0,0.10025636080953887,0.144024248270503,0.08698177746391646,0.0,0.0905833003729238,0.0250399341266518,0.0642087658124255,0.0015254469375266765,0.11516906350183088,0.0,0.08689764770285156,0.0,0.0,0.4152843948540183,0.008554706569413676
64493027_pool0,0.015759260907495198,0.018345644674239256,0.0,0.0,0.014429373704618031,0.008088846075730913,0.0,0.0,0.00482380330463937,0.06125558298070625,0.0,0.002220483765266453,0.07851371903231459,0.07119901161633724,0.013306462952834197,0.009537909534495355,0.03957343161212945,0.14976934006483839,0.0,0.09490179887199518,0.0817701460504641,0.0,0.004439018767598679,0.018782880181319565,0.007583408447691661,0.1076541585551222,0.0,0.0037178737847788877,0.0,0.05262972439875817,0.0,0.06898934255298715,0.02061566251978433,0.0,0.0,0.0,0.0,0.0,0.13484803409240426,0.08976707964161221,0.07422776853700902,0.007676745634629958,0.08364412920327433,0.03582459492205564,0.07205536760973459,0.00025558938105998735,0.09870331937596015,0.0,0.12888203468226053,0.0,0.0,0.44863342435734416,0.0
92613520_pool0,0.022253517345167537,0.015369485902225654,0.0,0.0,0.012334900519310061,0.007342424392861331,0.0,0.0,0.004400417276654186,0.05218218716491204,0.0,0.0023097191244731996,0.0697050829059701,0.08097406501710543,0.011358902474066637,0.009704510574399203,0.035382636311829696,0.13389171611721767,0.0,0.0801915652796245,0.08055301487467888,0.0,0.001415339317205376,0.01325289515331685,0.0044920827110530226,0.1352476701208754,0.0,0.0067115588688918225,0.0,0.07513083845329971,0.0,0.05764523691421839,0.0028296007380096137,0.0,0.0,0.0,0.0,0.0,0.09250505539080604,0.1464219083179296,0.05058587306039622,0.03365957701337751,0.06943214459504561,0.02963175600029117,0.05499495188418508,0.027259080936252924,0.09993310126622684,0.0,0.09509770023176313,0.005958988162191736,0.0,0.4115617852502993,0.0
53772202_pool0,0.005914670173653925,0.035515126366558285,0.0,0.0,0.016441199731438337,0.006077521128924137,0.0,0.0,0.00562461883496936,0.08486681718904301,0.0,0.002501881729609391,0.07044723163356435,0.04603945991934307,0.04518677094216216,0.00978781109435113,0.04989948181046053,0.13900506006778385,0.0,0.12603761719570566,0.0876383955727791,0.0,0.020852445450408503,0.02368314365031687,0.008501145775756258,0.05144843855771119,0.0,0.0028735029086132805,0.0,0.005720622217256323,0.0,0.08608614316149046,0.025264292303657263,0.0,0.0,0.0,0.0,0.0,0.11969714307036747,0.10560647844813777,0.1115706522596032,0.025568304468236575,0.06753839595444726,0.04852000073085865,0.06881567277654572,0.0,0.1343480305995468,0.0,0.11490013736883478,0.005627933264292195,0.0,0.3853815158628987,0.003079694364988923
61029627_pool0,0.0066884485372707735,0.03494781954512106,0.0,0.0,0.013175702007966653,0.01811803177947341,0.0,0.0,0.00570225265100808,0.060231262319823814,0.0,0.002564187937804231,0.07069388033403358,0.06979499920926743,0.04596409356352055,0.00945460901454343,0.045924473739280526,0.15762341336414518,0.0,0.1126399592179031,0.09489172284457292,0.0,0.011962741447529734,0.018210812764629627,0.009129071316010982,0.07813581074951081,0.0,0.0001517437748034573,0.0,0.03089135997318414,0.0,0.07861646689772335,0.012733203321043262,0.0,0.0,0.0,0.0,0.0,0.1042894505626634,0.04054440813788634,0.09875719577656579,0.027231763097202977,0.09178758989172317,0.057049780613191006,0.0685277410912882,0.012029073330689075,0.12732121386238937,0.0,0.08955911797638288,0.004138186223744261,0.0,0.417355833356806,0.0
1243685_pool0,0.018611819601404365,0.012549571704545896,0.0,0.0,0.01426318295131224,0.006089413781103627,0.0,0.0,0.004090081023305353,0.0721102930289742,0.0,0.0025060865307865816,0.07682515688754497,0.06666186054838305,0.0113992013487449,0.00999606239423094,0.04028913581600049,0.13030007815131328,0.0,0.09375868312261292,0.08324652011387419,0.008272808500834564,0.002702011423755718,0.014492374556145044,0.007776616306231577,0.15289699095133766,0.0,0.004921869877710439,0.0,0.05682484735807947,0.0,0.06863048200773847,0.016977604428057683,0.0,0.0,0.0,0.0,0.0,0.1323983152473351,0.17825900689574542,0.06781117277793816,0.01269615624188801,0.06440675375972511,0.03843560511413741,0.06708808266500063,0.010678128562686734,0.10815901703426802,0.0,0.13339591710002094,0.0,0.0,0.4332792643214597,0.0
82684406_pool0,0.012867041028637899,0.013022652760154338,0.0,0.0066372130910709965,0.012589205879548364,0.004947139928750265,0.0,0.0,0.020316332729998103,0.050044353497013874,0.0,0.01346026567727103,0.07262811692124668,0.07449594381692147,0.009125032155755348,0.009621210054447278,0.036154567348694495,0.13581275972621365,0.0,0.08814739148217064,0.08074530494643684,0.0,0.009392706377817495,0.014969097403386658,0.005023404322037788,0.10001222878262121,0.0,0.0022478208236732925,0.0,0.05262972439875817,0.0,0.06349786047924785,0.00323382941486813,0.0,0.0,0.0,0.0,0.0,0.12168042354677588,0.02615306819275445,0.06432109625585218,0.0,0.0750655761097793,0.031964359573871316,0.063920834127168,0.0,0.09796451427721453,0.0,0.10351700813532634,0.0,0.0,0.4025767150087386,0.0
76755449_pool0,0.01426120318935486,0.0118012485830368,0.0,0.0,0.02837645879045009,0.004954826841951236,0.0,0.0,0.003988646306617145,0.06476847522779537,0.0,0.0026652805152395285,0.06811678195105111,0.07370976310756444,0.00616845733331975,0.009954412134254978,0.03852073414979773,0.1449152471259851,0.0,0.08360434115223342,0.10063736289901598,0.0,0.0025090106077731663,0.015541164820076595,0.005168310215942724,0.18229862013255876,0.0,0.0076673243943221414,0.0,0.05186697476979066,0.0,0.0636443784980323,0.024253720611510977,0.0,0.0,0.0,0.0,0.0,0.08624376387240797,0.27138089948971483,0.07904232163278278,0.021258680218975274,0.08151314177803949,0.03087530631717868,0.0642087658124255,0.03286586862190615,0.09810617220372092,0.0,0.08143216598735276,0.0,0.0,0.42079537998658195,0.0
77330002_pool0,0.0027247977017078066,0.015641933025472034,0.0,0.0,0.017591714258137336,0.015969889940321443,0.0,0.0,0.004686001083472942,0.04165933096723395,0.0,0.002239195801290201,0.05207078523157915,0.06648858841481593,0.015678384655267368,0.009329658234615543,0.033111822843340286,0.15160395175959207,0.022979474225591302,0.1050406542074008,0.12191701196290879,0.0,0.004146572921191205,0.020308393292492725,0.011026982471869458,0.0982658912066448,0.0,0.0,0.0,0.0,0.0,0.06746378658440463,0.027083321349520587,0.0,0.0,0.0,0.0,0.0,0.06908267622886538,0.06289190208257618,0.09565577520802754,0.0,0.09054995965481695,0.043448175073001194,0.06507256086819804,0.0283704212976586,0.13603116789346695,0.0,0.07068173707021704,0.01953223897607291,0.0,0.37766740289796163,0.0
87645445_pool0,0.008590143953883354,0.014232985550148763,0.0,0.0,0.017700383424431445,0.003529108672999905,0.0,0.0,0.004520345610931334,0.07246392949304646,0.0,0.002427337472180924,0.07390350874647421,0.06254823790688671,0.011087076089356435,0.009662860314423241,0.042101319045758784,0.1459320489707869,0.011729106635978894,0.09938028534237482,0.09633345557051892,0.09572821265251424,0.007830471106525376,0.021071149848079306,0.00917737328064596,0.20562083675846435,0.0,0.0030063657069410634,0.0,0.05796897180153074,0.0,0.0653659001498648,0.03031715076438872,0.0,0.0,0.0,0.0,0.0,0.11716286882778056,0.25637031690298784,0.09629399451061386,0.0026573350273719092,0.08131953071065677,0.04631118132426602,0.06935911151176266,0.0525833116360526,0.12029314325373114,0.0,0.10459799245431971,0.0008276372447488523,0.0,0.42105790141966415,0.000342188262776547
14498577_pool0,0.024126456403452574,0.018140370760250112,0.0,0.0,0.009131566148505129,0.00566978721945932,0.0,0.0,0.004081284976641246,0.07186065766015086,0.0,0.002396004114415097,0.07891617048806743,0.07562579126608392,0.010131221867052807,0.009912761874279016,0.03896208302216672,0.15465930414092116,0.0,0.08371452119491138,0.08435940599290416,0.0,0.001317857368402885,0.007150842708624199,0.007293596659881788,0.17499112596677016,0.0,0.0103373484033143,0.0,0.05415522365669319,0.0,0.0644707659755786,0.015360689720623617,0.0,0.0,0.0,0.0,0.0,0.13193204722845608,0.11005416612217604,0.06124894239103482,0.020668161324003734,0.07181430141256033,0.035300436493493306,0.06910360446180323,0.012467254230106646,0.10311633079286205,0.0,0.14091874813346264,0.0016552744894977045,0.0,0.4364127143476273,0.0
46246604_pool0,0.018613716999368275,0.09841647009993452,0.0,0.0,0.04606988952575096,0.0535124664447759,0.0,0.0,0.0057357219063897645,0.08363811881712901,0.0,0.0028753770644967497,0.06075226965762765,0.061899523815668094,0.0934559153053797,0.01689180350518511,0.08637664248676807,0.1461448553173508,0.013404693298261591,0.1174020266857315,0.07936739135673482,0.195001914662529,0.027741974454293536,0.042647619864803823,0.028662962967734986,0.03532386480783726,0.0,0.0035687052252132683,0.0,0.040425730335278014,0.0,0.0818414967758408,0.018796633473921007,0.0,0.0,0.0,0.0,0.0,0.11328876218501224,0.09239735005213433,0.12747351976306018,0.009648416780466632,0.07577576701693714,0.06945592376331461,0.06507256086819804,0.017351958914365945,0.11922151556506072,0.07920974249535938,0.09666405931511704,0.0,0.0,0.30593826358943227,0.0
70917649_pool0,0.014953822567243783,0.011128592558046067,0.0,0.0,0.009711400890913102,0.008657839766786177,0.0,0.0,0.004819387836428487,0.04178670079097672,0.0,0.0023543512857953216,0.06691778734486982,0.07960817202774671,0.015711975891055906,0.009746160834375166,0.030492432895890154,0.12158965148046418,0.0,0.08979316760508894,0.08666215158228942,0.0,0.006369026927424192,0.009915835222625556,0.0010626432219695322,0.10080684542146084,0.0,0.0025417082279579097,0.0,0.06216409476085204,0.0,0.06439953084015965,0.006265544491307002,0.0,0.0,0.0,0.0,0.0,0.1087932785241612,0.02785643570376309,0.03842419721086138,0.02870716850347807,0.08518480348545202,0.022703282044040502,0.06680015097974312,0.0009574490103707966,0.1063202468443439,0.0,0.0948460695877478,0.003476076427945179,0.0,0.38355921771830237,0.0
50107619_pool0,0.009857018048940167,0.018823706074085407,0.0,0.0,0.01277582453572108,0.011901582666448729,0.0,0.0,0.005699416480991122,0.05095915522159905,0.0,0.002489115320093071,0.07801761370182035,0.07458885062687205,0.02333078354901739,0.009246357714663618,0.04215411328599449,0.1341565288624955,0.0,0.10629040836843137,0.08953583061724864,0.0,0.004722322236777004,0.025508970993936834,0.008857566081781378,0.10010756704281902,0.0,0.004422475417037977,0.0,0.06025722068843327,0.0,0.06567337626204363,0.024253720611510977,0.0,0.0,0.0,0.0,0.0,0.12259374009368233,0.04114924134376902,0.07155315864657709,0.03787003586333153,0.09310040051378497,0.04175187452304651,0.06469309880563892,0.0015254469375266765,0.11043009037551546,0.033844162702562644,0.09989166915987245,0.0,0.0,0.3779078522117786,0.0
50108598_pool0,0.01203595173296015,0.014846632830375663,0.0,0.0,0.010250495005604985,0.007191808387213245,0.0,0.0,0.005032079090394445,0.03612912372684912,0.0,0.002360403625873118,0.07171547357136221,0.07724091958417781,0.012110452696831354,0.01346318465438979,0.045573319409981675,0.151799907318252,0.0,0.09438723255239675,0.09451600064971737,0.0,0.005918691690131573,0.013062206014420204,0.005796235756197448,0.1056495671215039,0.0,0.002731387946462231,0.0,0.06864746660707587,0.0,0.06403885735380829,0.00020211433842925812,0.0,0.0,0.0,0.0,0.0,0.1151048177989945,0.07263883265657935,0.06770585608302636,0.036454936648210215,0.09965728575573311,0.032958509222962395,0.0642087658124255,0.009724724226732562,0.1130240331458567,0.043925402656517475,0.09206141313848845,0.0,0.0,0.3925394689469551,0.0
27481601_pool0,0.014787592128005875,0.023540749398858987,0.0,0.0,0.023631399644438222,0.005072240135415554,0.0,0.0,0.004410020072599444,0.0776557558558034,0.0,0.00205086798472037,0.07474026090798334,0.06498618729817279,0.010127904369235665,0.009746160834375166,0.04107544258509457,0.14560316429595488,0.0,0.09221786694878424,0.08074517847682641,0.0,0.010806082613400441,0.016860003310927043,0.007631710412326641,0.2027039569544252,0.0,0.017511535823535058,0.0,0.07322396438088093,0.0,0.06966678544217557,0.025466406642086523,0.0,0.0,0.0,0.0,0.0,0.1422213180008176,0.07476840136443816,0.07928067842503116,0.010334080662001867,0.09467203100679446,0.03516775198510238,0.06911694501515593,0.0,0.09557021502975878,0.003600442840698153,0.14375863039731238,0.0,0.0,0.46251597265551303,0.0
50197261_pool0,0.00277021099673627,0.028117212337242216,0.0,0.0,0.01445486990706752,0.023884756504009015,0.0,0.0,0.005166510957070053,0.06438006643862572,0.0,0.002411814232630204,0.09032555248100019,0.04887857911287745,0.051594336095865535,0.00978781109435113,0.054043022797269656,0.1485410933249606,0.05216903742993545,0.15396625555686952,0.1265893631593605,0.13709225515668705,0.0,0.014587719125593368,0.012018468272404988,0.07654666363334278,0.0,0.0,0.0,0.02936586071524912,0.0,0.11079844668058933,0.021019891196642847,0.0,0.0,0.0,0.0,0.0,0.14678164579687522,0.033221123917045244,0.11091232852011813,0.014231414751188281,0.09713462510756171,0.056823329978147784,0.06104151727459286,0.0108495056519497,0.16265322737759516,0.04824593406535525,0.09824020651344466,0.010593756732785307,0.0,0.3309457696044993,0.01950473097826318
60725338_pool0,0.007612427201499281,0.018467515828804033,0.00909017817411328,0.0,0.01071223748168915,0.01316405069063211,0.0,0.0,0.004561123367799496,0.05041641694022328,0.0,0.0024588040758516554,0.07265319062526003,0.07718083640806472,0.016179411313818448,0.00999606239423094,0.037708005420515826,0.14921050436773228,0.0,0.10137815616571921,0.09364048231666641,0.0,0.003953572105208655,0.018660528624418988,0.005506423968387577,0.0978874419685992,0.0,0.0015294450965199723,0.0,0.04690910218150184,0.0,0.06972528444342757,0.014552232366906585,0.0,0.0,0.0,0.0,0.0,0.11829727404804817,0.023662299793444502,0.08508374005865448,0.001206052097558329,0.08365600652843727,0.0362122056762676,0.06680015097974312,0.0,0.12252791186767006,0.004320531408837784,0.10053785985557795,0.013242195915981636,0.017161907016062336,0.44904509412507787,0.0
72650337_pool0,0.007084474024440296,0.009666358668845224,0.0,0.0,0.00991433273804293,0.0077018583558884305,0.0,0.0,0.00498305991651898,0.04638730602707069,0.0,0.0023432150926408113,0.07412617178348944,0.06986131078996832,0.015489163070615132,0.010037712654206903,0.035198212533165164,0.14302135394741128,0.0,0.10723598726756536,0.10396212481307845,0.0,0.003409681082358406,0.010201868930970526,0.004105666993973192,0.1045161536200718,0.0,0.004518815057899917,0.0,0.03699335700492422,0.0,0.0716820060762693,0.010509945598321423,0.0,0.0,0.0,0.0,0.0,0.10649637437927599,0.03424806549051178,0.07303230143787541,0.00627147090730331,0.10091107771686464,0.031712006025934374,0.06363290244191047,0.0,0.12860623867346055,0.0,0.09339057729624976,0.0006621097957990817,0.0,0.4138655195899041,0.003079694364988923
36492755_pool0,0.010421241388797992,0.038381581220494114,0.0,0.0,0.019469826323903414,0.021772388559990176,0.0,0.0,0.006004530967790289,0.0533885525945304,0.0,0.002466734954540972,0.06871520282015343,0.08408190138686691,0.05334589094634705,0.010037712654206903,0.05268600459548508,0.1299926581912672,0.0,0.11424262702972704,0.0870326124543924,0.13472859558502004,0.01686443495098545,0.025390784840565568,0.019960989233611327,0.06793933738848913,0.0,0.0025490751608666204,0.0,0.04614635255253434,0.0,0.08042736813255036,0.01515857538219436,0.0,0.0,0.0,0.0,0.0,0.11428132861932314,0.04214565878421628,0.09014236446185069,0.02991009201944656,0.08494967535586942,0.05765848001389141,0.0685277410912882,0.004957702546961699,0.1182518477694979,0.0,0.09659335777132029,0.0,0.0,0.400295098329337,0.0
84653463_pool0,0.009218898890778078,0.01528425094376027,0.016102601337000665,0.0,0.012652927947804137,0.008248700507290978,0.0,0.0,0.004821266086916396,0.05121932488752542,0.0,0.002385621710386191,0.06728118885940307,0.07747601649283886,0.01762156073863408,0.009912761874279016,0.033019615277748056,0.12302622834836648,0.0,0.0922114614390413,0.08293856656123268,0.0,0.0,0.026278156740758583,0.00508551712583979,0.06374274736000603,0.0,0.0016916589703933026,0.0,0.050341475511855645,0.0,0.06951607155125938,0.0,0.0,0.0,0.0,0.0,0.0,0.07510633944678641,0.08329945552124347,0.06936835882253865,0.0,0.07380993598127909,0.02318295336831589,0.07456281942451065,0.0,0.11108063821813027,0.0,0.07783290524237428,0.0031450215300456385,0.03040109242845328,0.38530121636524034,0.0
50409370_pool0,0.0017257052110816109,0.06888531992284806,0.0,0.0,0.04178225724943504,0.08372485358290371,0.0,0.0,0.006341763294418815,0.06617806142557235,0.0,0.002909779056143479,0.05419012144711448,0.06513840242391229,0.09561761065029059,0.011313507235304512,0.06392948519757664,0.1431796373016683,0.01651649709964375,0.14808798208797572,0.09369661288577037,0.0,0.02859471736137634,0.04084463410510681,0.03694762888104389,0.03846794833995954,0.0,0.0,0.0,0.0,0.0,0.09753405875971309,0.010105716921462907,0.0,0.0,0.0,0.0,0.0,0.09228239417478515,0.04140705511954349,0.1330351640664484,0.026774356565794903,0.091220972861656,0.07766929982692564,0.06680015097974312,0.009152681625160058,0.13948620664741732,0.016029571314990908,0.07762093232416707,0.0021518568363470157,0.0,0.30530003055867777,0.0
50402017_pool0,0.010665352022987844,0.03681047716422025,0.0,0.0,0.013548320324698262,0.015855205401031094,0.0,0.0,0.005100232682472479,0.05734553451816181,0.0,0.002415718310727773,0.07397815430464005,0.07383353996648276,0.030856471478932314,0.010245963954086713,0.041031885625502244,0.15513563705716152,0.0,0.1078282817569425,0.0828905504997879,0.0,0.020701062324247066,0.019927015014699435,0.013697077670033028,0.09209799130984289,0.0,0.0008465531659634554,0.0,0.039662980706310504,0.0,0.0802344118856238,0.020211433842925813,0.0,0.0,0.0,0.0,0.0,0.12484630008073251,0.04142908048098746,0.08629540967780372,0.020502885658491593,0.09065770641615772,0.0447363168464722,0.06564842423871307,0.0,0.11275611154647258,0.0,0.11262478918584075,0.0,0.0,0.4133625022479256,0.0
92113025_pool0,0.008492286170322664,0.011755483850700604,0.0,0.0,0.0070859455109759375,0.006450710625300377,0.0,0.0,0.00592703389702241,0.04443156902788442,0.0,0.0026035116581946617,0.07103549968482888,0.08466994765413279,0.018779321992967998,0.010079362914182865,0.03265964786024401,0.12416457271976454,0.0,0.1039847522535645,0.09407402122535202,0.0,0.0,0.005529985028002714,0.003960761100068257,0.07724346346743523,0.0,0.0,0.0,0.06368959401878706,0.0,0.07144684800940898,0.0,0.0,0.0,0.0,0.0,0.0,0.11285944272308084,0.034870757590339266,0.031641281935934545,0.031839775375539885,0.08182913369435973,0.020861468850654586,0.07492894093371706,0.0,0.12127238435287958,0.0,0.10276137797590869,0.004469241121643802,0.0,0.42359555804248056,0.0
50300822_pool0,0.008946419120607297,0.030388993631070556,0.0,0.0,0.019127804395452874,0.0207387065657325,0.0,0.0,0.004658170109151829,0.05513413210396147,0.0,0.0024750024239615634,0.06559173910142109,0.07481677416569303,0.030618263017697735,0.010538862070692422,0.04047986903278376,0.13736983867125538,0.0,0.10017495167226281,0.08631625697521306,0.0,0.0190911667842819,0.02325494556646154,0.006882580389043145,0.08445460966737343,0.0,0.004982283268966576,0.0,0.04538360292356683,0.0,0.07530662722988143,0.02061566251978433,0.0,0.0,0.0,0.0,0.0,0.08389472306467799,0.13037811428581805,0.09322341106795001,0.0067538917463266426,0.07872728511706086,0.045305574422229246,0.0682398094060307,0.0046006088590797726,0.11828879104217015,0.0,0.07191744371701214,0.0,0.0,0.31768006264950505,0.0
482428_pool0,0.012404677443001496,0.01705643337816581,0.0,0.0,0.01437160621249308,0.005670358461383082,0.0,0.0,0.005248574467045126,0.06827279863465677,0.0,0.002471526748824146,0.07355982387313827,0.07410459072209621,0.020658634312900975,0.009912761874279016,0.03980235431851526,0.1469500528916577,0.0,0.09536434331700493,0.08771861503631423,0.0,0.0,0.01620857680621485,0.015333050467443762,0.08227895885419716,0.0,0.0015062716859666392,0.0,0.03928160589182675,0.0,0.0694081244356489,0.0036380580917266462,0.0,0.0,0.0,0.0,0.0,0.09922773830544704,0.19523334346683163,0.06881046922375643,0.014472625170699948,0.06107620547360812,0.042132617541505483,0.06737601435025815,0.016589235445602608,0.11396100752652301,0.0,0.10481432572759608,0.0,0.0,0.4459006797442676,0.0
17219510_pool0,0.002361491341480099,0.048908973284369946,0.0,0.0,0.03979630894467372,0.03285520166357967,0.0,0.0,0.006488353874875506,0.03620386977742625,0.0,0.0037681643672158923,0.04649433247338477,0.06502107830000878,0.0961526526203308,0.010274991118721526,0.057083274533582674,0.10292606682908602,0.0,0.13256733328584214,0.08492254331512021,0.0,0.030370995448130392,0.03375371881523039,0.012749420741576615,0.038315424182307975,0.0,0.004287080952366588,0.0,0.0,0.0,0.09088436853430484,0.025062177965228007,0.0,0.0,0.0,0.0,0.0,0.06693036561307483,0.0,0.12328707596158064,0.030392512858469892,0.06538149112538025,0.05584139126479134,0.06795187772077317,0.0,0.13568229550874603,0.0,0.07568186281079614,0.0,0.0,0.3321905940447303,0.0
71727427_pool0,0.009627618546034248,0.010783833976404318,0.0,0.0,0.010056127311253622,0.007157843175062895,0.0,0.0,0.0044890525418990615,0.04777205709257063,0.0,0.002242481500675647,0.0644684435146045,0.07191308865672155,0.0115390943475083,0.009579559794471317,0.0331884325515231,0.1473629056964151,0.0,0.09243985919958837,0.10522436028439672,0.0,0.0034519157920359406,0.018115468195181304,0.0020286825146691068,0.0901628030004903,0.0,0.0009964566537933152,0.0,0.0,0.0,0.06613559989262038,0.01616914707434065,0.0,0.0,0.0,0.0,0.0,0.08303235971661027,0.19925060425401298,0.07404062340155244,0.0,0.06001024268489907,0.028563883148099423,0.06507256086819804,0.03085755564317587,0.11265421687943517,0.0,0.08313023889724935,0.005462405815342425,0.0,0.3912531435760291,0.0
69982533_pool0,0.018248319166154305,0.030873628602065155,0.0,0.0,0.026479969345326017,0.0052260175039606374,0.0,0.0,0.004344351766851265,0.0830539046128501,0.0,0.0024520994311758586,0.0763217112908524,0.06596684138371282,0.03551318832185514,0.010079362914182865,0.04885712649592172,0.15953975729148567,0.0,0.10202318874486423,0.08703935230150402,0.17136531894585882,0.013557452031413822,0.019259603028561178,0.012215002195353724,0.17002532068889883,0.0,0.004223857072392311,0.0,0.06025722068843327,0.0,0.07581819891581074,0.02829600738009614,0.0,0.0,0.0,0.0,0.0,0.13789320813720596,0.20351634396550472,0.10204305612721068,0.003618156292674987,0.08335461174096559,0.04823038406597708,0.07246151077899914,0.005148383414152533,0.11061625523481095,0.0,0.15325759342756834,0.0,0.0,0.4325795998926166,0.0
7253015_pool0,0.011507418510334575,0.01661947328550657,0.0,0.0,0.011655169941669563,0.003206769854620802,0.0,0.0,0.004698349234949212,0.05138388180208582,0.0,0.002383099744081493,0.06497862931322727,0.08121227612806037,0.0090420151504918,0.009329658234615543,0.039089719429123856,0.14125057395109,0.0,0.08761428343415979,0.08864413054588577,0.0,0.0012866721065503419,0.012776172306075237,0.007728314341596597,0.09841843702725966,0.0,0.0006069750992138292,0.0,0.05682484735807947,0.0,0.06463771093407782,0.012733203321043262,0.0,0.0,0.0,0.0,0.0,0.09121530921004829,0.19445013865728328,0.056807553615109425,0.004724151159772282,0.06029663395230096,0.034781748191621734,0.06593635592397058,0.02059353365661013,0.1066963260246594,0.0,0.09357247441811581,0.0036416038768949496,0.0,0.4428067613468653,0.0
92996364_pool0,0.00885559253055037,0.010770800395839561,0.0,0.0,0.014517609892012878,0.008344872327438635,0.0,0.0,0.004789521717917062,0.06196791708731932,0.0,0.0022738633098976823,0.06521910546780951,0.060078584048678906,0.018146705009413972,0.009829461354327091,0.038627906634118386,0.15103560609185362,0.023458213271957788,0.10801252774208821,0.11091587304264763,0.0,0.005468356452838954,0.018496846472974598,0.006424161296452172,0.13085618783027528,0.0,0.0,0.0,0.019068740724187745,0.0,0.06815096687460465,0.018594519135491747,0.0,0.0,0.0,0.0,0.0,0.07878707955680964,0.19056017791809265,0.0923336192282681,0.0,0.0757746625920536,0.03130807022649339,0.06737601435025815,0.012119835172362575,0.12776509470564604,0.0,0.07525073248564638,0.00016552744894977043,0.0,0.40881655859396193,0.0
50105987_pool0,0.007856500039924176,0.01654800602568023,0.0,0.0,0.011521070291978611,0.006071719399545199,0.0,0.0,0.004989458777180978,0.06143828649949481,0.0,0.002478761280987698,0.06631989944447997,0.0798785621366172,0.015751858244860292,0.009579559794471317,0.03516025819605241,0.14313160287448212,0.0,0.09655862885095906,0.09104302859559878,0.0,0.003924349924978542,0.018210812764629627,0.0045877874974403305,0.08950564156087248,0.0,0.0019697398970332973,0.0,0.040425730335278014,0.0,0.06808751325102962,0.017988176120203973,0.0,0.0,0.0,0.0,0.0,0.08153279092340156,0.09883559225771653,0.0577501356511707,0.0,0.06905567869920984,0.03731028565483342,0.06910360446180323,0.01245088180923698,0.11454961020540398,0.0,0.08110926866230855,0.001986329387397245,0.0,0.3912171702393033,0.0
8109170_pool0,0.009133791482835284,0.005241353889306017,0.0,0.0,0.004136041077766129,0.005317786400437929,0.0,0.0,0.004571659644755694,0.05546106133051464,0.0,0.0021897203347565402,0.06683932979763074,0.07550484062466727,0.012375221090177255,0.009121406934735732,0.02996210368427945,0.14302202335013048,0.0,0.09220326992294739,0.09746090184335977,0.0,0.001351005711877859,0.003051026222346325,0.0012075491158744685,0.10759427296343187,0.0,0.0,0.0,0.04614635255253434,0.0,0.06405988898421516,0.006871887506594777,0.0,0.0,0.0,0.0,0.0,0.11332547920776685,0.11817980836841367,0.045169737721080475,0.003859366712186653,0.07720158443553259,0.024768140717230002,0.06449669749768303,0.01086880942987757,0.11282913093099244,0.0,0.09761052337474932,0.01125586652858439,0.0,0.4177123937669987,0.0
87410220_pool0,0.008810179235521907,0.006226604678109498,0.0,0.0,0.003733234319407793,0.003622662388376613,0.0,0.0,0.004938810656531963,0.04485283669659642,0.0,0.00225471904084092,0.0674479843739926,0.08075990723640784,0.012423797504249363,0.009246357714663618,0.03148708737162614,0.13518357754313354,0.0,0.08709993331128187,0.09514561847978352,0.0,0.0001930008159825513,0.003813782777932907,0.0010626432219695322,0.0986335525579887,0.0,0.0,0.0,0.06521509327672208,0.0,0.06278609035272184,0.008286687875599583,0.0,0.0,0.0,0.0,0.0,0.09186470325798457,0.13828065189853972,0.05161165731514446,0.00747752300486164,0.0737681898468447,0.019793319523997027,0.06795187772077317,0.014459194787967264,0.10545805957480507,0.0,0.08707738555019429,0.009600592039086685,0.0,0.4014604224699869,0.0
50301675_pool0,0.011978663581179928,0.015008981424275567,0.0,0.0,0.013657622092898041,0.006338308245127056,0.0,0.0,0.0043476726524163825,0.06901967954456972,0.0,0.0022629594300690712,0.07376408830620736,0.07136519505722279,0.013677977905805107,0.009704510574399203,0.04073840036665056,0.15031185508679365,0.0,0.08805434948554192,0.08854566210516965,0.0,0.0023160097917906152,0.01258548316717859,0.00845284381112128,0.19252960866931643,0.0,0.003190215741952201,0.0,0.06292684438981955,0.0,0.06487878403343714,0.016977604428057683,0.0,0.0,0.0,0.0,0.0,0.10359941072661258,0.16258034822847114,0.06717399064334945,0.015216358492952872,0.07169964494753972,0.033981713967683486,0.05960185884830529,0.012734977634416507,0.11096656378505201,0.0,0.09572324359019001,0.006455570509041047,0.0,0.44511753945552024,0.0
82624422_pool0,0.008673939350436517,0.009103309462266361,0.0,0.0,0.009220256115728475,0.004774442427247511,0.0,0.0,0.004389817105795229,0.059201769642662876,0.0,0.0021851009750344327,0.06301657604556138,0.07107291718885361,0.013730483329884389,0.009662860314423241,0.030162100234940405,0.14168301489772528,0.0,0.09242129046671162,0.10605343046686833,0.0,0.0012866721065503419,0.012394794028281945,0.0,0.08074287939661598,0.0,0.0,0.0,0.0,0.0,0.06710203315255364,0.01717971876648694,0.0,0.0,0.0,0.0,0.0,0.08225164466145961,0.23547660573506596,0.054912387075383165,0.0,0.06846783924851337,0.029176882156270012,0.06795187772077317,0.023303512541448055,0.10997578043903455,0.0,0.08088878083678923,0.011586921426483932,0.0,0.4354370086832071,0.0
35286551_pool0,0.006706418737163701,0.008903109836468168,0.0,0.0,0.009887595090131185,0.004481619988650271,0.0,0.0,0.004525927489921877,0.044900294850564126,0.0,0.0021514840781720877,0.06924938521158147,0.0713664280072673,0.00930200055489343,0.009288007974639582,0.03575296142483559,0.15118342000926605,0.0,0.08761828834477683,0.09083933324285012,0.0,0.002123008975808064,0.011536692903247043,0.004540384675688001,0.15220571558426477,0.0,0.0,0.0,0.060638595502917024,0.0,0.06045742226367891,0.02142411987350136,0.0,0.0,0.0,0.0,0.0,0.10239017402194582,0.1287890299741515,0.06266999908543092,0.0,0.08522472303348524,0.02797428189498628,0.06334497075665296,0.009030953946255001,0.10347209044209317,0.0,0.08881241758667921,0.005958988162191736,0.0,0.4285966835641119,0.0
7287209_pool0,0.0084468728752942,0.02669046409198078,0.0,0.0,0.017683895050645392,0.02024313129723776,0.0,0.0,0.004281503829466225,0.05296281628866333,0.0,0.0022629594300690712,0.06036762192759254,0.07370657290636723,0.028505378405422766,0.009746160834375166,0.04297984587376608,0.15308267994108368,0.009814150450512952,0.11149007732311558,0.11284139385821837,0.0,0.01305057950425682,0.018973569320216207,0.009174675851998012,0.09744675952367156,0.0,0.0,0.0,0.039662980706310504,0.0,0.07353446622150012,0.022434691565647653,0.0,0.0,0.0,0.0,0.0,0.09621191643404838,0.1194017696352346,0.09978545023805552,0.0,0.09049261204625515,0.05004705677185863,0.060753585589335336,0.013615384107668278,0.13052828234299457,0.0,0.08205018869678753,0.011752448875433702,0.0,0.36941923196915644,0.0
27313862_pool0,0.008991832415635762,0.010159240700540828,0.0,0.0,0.008819050512387377,0.009126725515089298,0.0,0.0,0.004015654177309131,0.03643100530520215,0.0,0.0021623395065444905,0.06055671975828922,0.07492361107611176,0.00815623291978234,0.009829461354327091,0.03073463991231987,0.1501545681407669,0.0,0.08537821739414807,0.10852416317386775,0.0,0.0036670155036684746,0.009629801514280589,0.0,0.08223062285215657,0.0,0.0029661965508266126,0.0,0.0011441244434512645,0.0,0.0601628779689712,0.006669773168165518,0.0,0.0,0.0,0.0,0.0,0.08663850930100554,0.07349780437021733,0.06457247391127037,0.0,0.07978189863782556,0.023945457335916638,0.05787426873676021,0.00419497907819836,0.11758367822626155,0.0,0.07724075801620865,0.012911141018082094,0.0,0.3776588125192344,0.0
50108048_pool0,0.007017501697896923,0.0082938644341894,0.0,0.0,0.006079626911289071,0.00666478424023965,0.0,0.0,0.00495839692739575,0.06853517381223961,0.0,0.0021987206269925763,0.06653776840064202,0.07353408506199059,0.016205214993884734,0.00945460901454343,0.03166591929087925,0.1441515591063465,0.010292889496879438,0.1077150905673151,0.10793944289514122,0.0,0.0,0.006674119861382587,0.002608306090288852,0.08532155427764837,0.0,0.0,0.0,0.031654109602151655,0.0,0.0720594239555126,0.0006063430152877745,0.0,0.0,0.0,0.0,0.0,0.11018146664290161,0.10842910361725303,0.06976428756147486,0.0016884729365816606,0.10174820892592706,0.03237626181400703,0.06682108855785589,0.0047670216797708635,0.11904772796392468,0.0,0.09780237532419901,0.003310548978995409,0.0,0.4194166813896993,0.0
2525608_pool0,0.007311540499582614,0.016182543283959825,0.0,0.0,0.013351818004276672,0.006478785497339599,0.0,0.0,0.004587498740897235,0.06233718206872718,0.0,0.0022978615358118693,0.06030282178161853,0.06861015238197657,0.016748680782840093,0.010079362914182865,0.03684072683302806,0.1207395010524855,0.005505499033214583,0.10611432768571612,0.10388067336852345,0.0,0.009585707193800048,0.02078511613973434,0.0024634001963839153,0.08702667382330265,0.0,0.00025490751608666203,0.0,0.0,0.0,0.07155803024243652,0.02283892024250617,0.0,0.0,0.0,0.0,0.0,0.09522991084237492,0.16755300503468779,0.0799269202329075,0.0,0.07466013795879585,0.033600732879254996,0.06248117570088043,0.0048561982401397604,0.11723665311881805,0.0,0.07449824721105516,0.0,0.0,0.3451675470927463,0.0
81086436_pool0,0.03549490589825626,0.029087244402924123,0.0115511721999599,0.0,0.017422987081170398,0.005050383987025073,0.0,0.0,0.0043206458996162085,0.07572642599519214,0.0,0.0024632309144800215,0.07684832361182556,0.07248236136678265,0.015839199428594346,0.010598746459754303,0.04251130215573807,0.1455635180532408,0.0,0.0894642371614606,0.07631731958188455,0.0,0.02395930426941745,0.032900768835368126,0.010406989906892414,0.22243960581546493,0.0,0.019758223603301282,0.0,0.07589358808226722,0.0,0.07180173325379266,0.03739115260941275,0.0,0.0,0.0,0.0,0.0,0.14344918336318033,0.1298198006069348,0.07716561081951198,0.06072762895673562,0.09302132553918355,0.03971720399677619,0.06910360446180323,0.01468242677369426,0.10457254781371039,0.0,0.14828622885904208,0.0,0.0,0.3947871427028755,0.0
24747976_pool0,0.010047064955926674,0.02507776247608238,0.0,0.0,0.016015203241548842,0.0179302724784955,0.0,0.0,0.004024224573989707,0.04657531036653303,0.0,0.00259823846160746,0.0673174456374142,0.08708807665391871,0.021685223339262507,0.010587711542696266,0.03934183353547213,0.12057355801059269,0.0,0.08639801369266199,0.08646028944204083,0.0,0.021510084083870524,0.016494610514559818,0.008437643112044277,0.10634750807403649,0.0,0.002094539799454309,0.0,0.06521509327672208,0.0,0.0628509807115669,0.029508693410671687,0.0,0.0,0.0,0.0,0.0,0.06139490167821203,0.047828321209141406,0.05558676325967518,0.009448302319544565,0.07869214848092165,0.047542723662615964,0.06536049255345557,0.03406657926688389,0.11071665974327789,0.0,0.08294792120718641,0.0,0.0,0.3759285489415734,0.0
36773029_pool0,0.010336039005326626,0.01472369288806994,0.006752703786484151,0.0,0.015458063236860135,0.015330646794255604,0.0,0.0,0.004360779460924865,0.04111434724367402,0.0,0.002306861828047905,0.05608550333775305,0.08176314794286743,0.017259255407241537,0.009871111614303053,0.03407963153409881,0.1313380494116244,0.0,0.08415806257516274,0.08623284957220555,0.0,0.0037313491089959916,0.023589977192424397,0.0038641571707982987,0.1060334321892771,0.0,0.0050560959347042325,0.0,0.06788471697810836,0.0,0.061551649234739866,0.016775490089628427,0.0,0.0,0.0,0.0,0.0,0.06747913765493307,0.07022835357878073,0.06298478938259522,0.0014762972374288384,0.07552519922934955,0.03518334858159524,0.06104151727459286,0.01460923518778869,0.10454769770755845,0.0,0.06630159490537399,0.0,0.01274884521193202,0.3526774403307266,0.0
68914513_pool0,0.008128979810094954,0.01681226367777644,0.0,0.0,0.011554685520746203,0.012616631097013154,0.0,0.0,0.0041979429996672965,0.0680549960833323,0.0,0.0023537184253644506,0.06540969680774009,0.07998118788168314,0.015986033133103386,0.008579953555048224,0.037220920148735105,0.15657878868578776,0.0,0.09418288392289507,0.11001923927936044,0.0,0.002965179078906491,0.011918071181040333,0.004926800392767831,0.09664265051157774,0.0,0.0,0.0,0.01830599109522023,0.0,0.07040578027518408,0.008488802214028842,0.0,0.0,0.0,0.0,0.0,0.09484128982614481,0.15496691867113013,0.07211033248030965,0.0,0.07028180364874716,0.035661267504286255,0.06564842423871307,0.03415999422487259,0.11732274456368783,0.0,0.08959623794114333,0.015559580201278421,0.0,0.40791226730549895,0.0
18920002_pool0,0.019818624230602645,0.024428753089870203,0.0,0.0,0.02432788444310252,0.01793548244654761,0.0,0.0,0.005195434133723641,0.07140525396193323,0.0,0.0022465793845980494,0.05499131022017757,0.07555716211681772,0.02311842223196106,0.011827373322346934,0.05585674757638308,0.14475275318768546,0.0,0.08977729538986447,0.09166447104822097,0.11109199986834986,0.016204216216044582,0.020880460709182664,0.022281832508989883,0.19246941317141608,0.0,0.002124412847248402,0.0,0.0716984651229459,0.0,0.07201822414193843,0.033550980179256853,0.0,0.0,0.0,0.0,0.0,0.10503559816133298,0.3002362907359212,0.09894622240777173,0.03510773136160126,0.08616103667185633,0.050144870728947306,0.06651221929448561,0.0230926083021741,0.10734490325708394,0.0,0.0952453175251014,0.0,0.0,0.3760761590827407,0.0
92371267_pool0,0.016431548474630003,0.03822214895686207,0.0,0.0,0.018443911316201003,0.011753699967030504,0.0,0.0,0.003191041206568328,0.08590274421066547,0.0,0.0021089153405299153,0.06677996973340658,0.06617999054479293,0.03126933207980729,0.01697406393041934,0.07334344051784608,0.15939260707173428,0.023267891791823758,0.0945828722356513,0.09534651034389133,0.2564570635258715,0.024156848268501282,0.04545190633131346,0.012211676130944902,0.13799547172153676,0.0,0.0017071174665388943,0.0,0.06597784290568959,0.006140753297026022,0.07489920132020111,0.027312293436529748,0.0,0.0,0.0,0.0,0.0,0.1312696317400576,0.2659370794453218,0.10684161607201896,0.013286675136859544,0.09908874033452761,0.05601750623550726,0.06622428760922809,0.03163372017575066,0.1110412295828381,0.0,0.10217869385071496,0.005627933264292195,0.0,0.39220995455061414,0.0
50108750_pool0,0.007447780384668004,0.010947336506315991,0.0,0.0,0.024133940835647908,0.011765853574898713,0.0,0.0,0.004247146657619969,0.05305700998998554,0.0,0.0022427683793400355,0.055954244201608654,0.08190932487650367,0.012577028731615862,0.010079362914182865,0.03627915447601686,0.14655727074482874,0.018910192331476176,0.09691587431360577,0.12539267966971646,0.0,0.00949238456281124,0.016017887667318206,0.005554725933022555,0.1761900570139219,0.0,0.0,0.0,0.05720622217256322,0.0,0.06548825685162958,0.018796633473921007,0.0,0.0,0.0,0.0,0.0,0.0744326913267075,0.2287236773477278,0.07634354847851585,0.0014472625170699948,0.09712708997992862,0.025008416817928744,0.05499495188418508,0.019790169720477386,0.124522458551368,0.0,0.0661445031269067,0.004138186223744261,0.0,0.36799863519636944,0.0
46910335_pool0,0.008785562840437083,0.019606854315910558,0.0,0.0,0.014381430272387922,0.014615844013047597,0.0,0.0,0.004357001706129172,0.04747373719141682,0.0,0.0023487412369444923,0.0680352714027084,0.07929812922179026,0.017969802446008844,0.009954412134254978,0.03709842979598428,0.14856100914351023,0.0,0.09068440050635394,0.09398223466087625,0.0,0.0046320195835812305,0.0193549475980095,0.005844537720832427,0.09308753039747869,0.0,0.0020964250303688653,0.0,0.05301109921324192,0.0,0.06926447133350899,0.024860063626798753,0.0,0.0,0.0,0.0,0.0,0.08593889216085467,0.17172853044621467,0.0736777721643714,0.0053146700547438185,0.07227804398927862,0.04236813691330549,0.06478462918294052,0.03595316456670912,0.1095254586377978,0.0,0.07483795420320326,0.0018208019384474748,0.0,0.39646412835559436,0.0
50106442_pool0,0.010405363743632262,0.05189989875592079,0.0,0.0,0.03563142615458331,0.03879226108389053,0.0,0.0,0.005697847415187498,0.045816923965849965,0.0,0.0026114297106054523,0.06647457102110181,0.06612657208958356,0.07955637303552918,0.014124439320620297,0.05476306515719909,0.1474466302697106,0.00430865141729837,0.12587536333963506,0.09872951798277241,0.0,0.01985978768132841,0.02250131838980415,0.027905391669661682,0.08028505382221389,0.0,0.0029661965508266126,0.0,0.04233260440769678,0.0,0.07659784666770843,0.026679092672662073,0.0,0.0,0.0,0.0,0.0,0.0795589583630071,0.11731716138675652,0.13095469073480775,0.028704039921888226,0.07797212498110999,0.07091935885848973,0.06766394603551566,0.03495911976338554,0.137984501840188,0.0,0.09954299383017574,0.0,0.0,0.33723450249950315,0.021900048817699008
31726180_pool0,0.012797709220054044,0.024516171277035387,0.0,0.0,0.030449721686834602,0.017800927489996173,0.0,0.0,0.004472137398521437,0.05979686948446129,0.0,0.0020968677761166133,0.06692879590004262,0.06787737778329081,0.027828126486504033,0.00999606239423094,0.04671939076877746,0.15138823488379904,0.0,0.10487476377965109,0.10501757865038835,0.0,0.017448653612917392,0.02183390640366589,0.009660392926995748,0.21719089861126423,0.0,0.0010835334939865383,0.0,0.07360533919536469,0.0,0.06875284622013289,0.037795381286271267,0.0,0.0,0.0,0.0,0.0,0.07167784341263769,0.2843436928175303,0.11040274660423176,0.0,0.11208953322563792,0.04837033645627678,0.06478462918294052,0.04613828976293316,0.10400598018686792,0.0,0.07254577343187281,0.0023173842852967862,0.0,0.4214310559584118,0.0
41285665_pool0,0.006176208123871027,0.0043382500601472085,0.0,0.0,0.008207841975989512,0.007792168688695407,0.0,0.0,0.004343513060819902,0.0453920619159135,0.0,0.0023517626895399953,0.06520100462114806,0.06987675815899026,0.010745411477283083,0.009246357714663618,0.03273655189702686,0.14934435494102286,0.013644062821444834,0.10616498720027404,0.11171731540407472,0.0,0.003345347477030889,0.015159786542283301,0.001255851080509447,0.09392314107408095,0.0,0.0,0.0,0.04843460143943686,0.0,0.0669206497420464,0.0086909165524581,0.0,0.0,0.0,0.0,0.0,0.10185117921529076,0.18956437683293484,0.06644823368365634,0.0009648416780466632,0.0803481122704283,0.026998576438313982,0.06737601435025815,0.020638025075192995,0.12432291563074913,0.0,0.0748410955094271,0.001986329387397245,0.0,0.3630201310842093,0.009923459620519864
99746564_pool0,0.011244035474379369,0.009867447989834641,0.0,0.0,0.008308098598199112,0.006722024704698447,0.0,0.0,0.005233761396519809,0.048244692467479325,0.0,0.0024200507917854926,0.06588323386664542,0.07653452822885283,0.01589223487680896,0.008871505374879959,0.03591856105617547,0.1415177360558397,0.0,0.09644141384326423,0.09590200560689843,0.0,0.0001286672106550342,0.01182272661159201,0.005844537720832427,0.08697825591398052,0.0,0.002086476903547538,0.0,0.06292684438981955,0.0,0.061149896056624506,0.009297259567745873,0.0,0.0,0.0,0.0,0.0,0.09310634177995193,0.1702300163844355,0.05373738172048532,0.03794820736776714,0.07462713113360989,0.026393192593775098,0.06910360446180323,0.030090787499995907,0.11835696638657386,0.0,0.0901593848714808,0.0046347685705935724,0.0,0.4150610259747689,0.0
94144536_pool0,0.008810179235521907,0.026916532938685598,0.0,0.0,0.020620282333065336,0.0246331520695217,0.0,0.0,0.004041421510928396,0.04178396302926185,0.0,0.0022773874364913084,0.06028418691740159,0.07367577885630282,0.02689422397908238,0.00945460901454343,0.042553509670393015,0.1406593694117592,0.0,0.09696879093307112,0.11967995140855592,0.0,0.005557369055295302,0.020594427000837693,0.015102492206824298,0.08931764011335111,0.0,0.0,0.0,0.0,0.0,0.06767019308347029,0.02081777685821359,0.0,0.0,0.0,0.0,0.0,0.061878219888536826,0.042337986584277135,0.0816347403019162,0.0,0.08772225127966435,0.05080859089059287,0.05873806379253275,0.032415359976035535,0.11713403193738336,0.0,0.06941596452008694,0.016883799792876585,0.0,0.36233407619305624,0.000684376525553094
24310553_pool0,0.013832957698046882,0.030987226010609593,0.0,0.0,0.019580408845816404,0.023760177503983532,0.0,0.0,0.005123098385480598,0.055227701940437794,0.0,0.0023227203977192207,0.06226827368393227,0.07974557865780282,0.0359264034961496,0.00999606239423094,0.046585178162082824,0.15195843050292154,0.0,0.09822807762540886,0.08467458334973688,0.0,0.009585707193800048,0.020880460709182664,0.01226886086524824,0.09699334795361621,0.0,0.0016453121492866366,0.0,0.03317960886008667,0.0,0.0725784834597233,0.022232577227218393,0.0,0.0,0.0,0.0,0.0,0.10957344195209696,0.029329997376343304,0.09946835323740397,0.011336889717048293,0.0830865150624142,0.05041926975687841,0.0682398094060307,0.0064831494844883744,0.10480294524902495,0.0,0.09846403620769695,0.0,0.0,0.3434827461811016,0.0
9032080_pool0,0.0065849277791271985,0.02726127204512262,0.0,0.0,0.018325058510022415,0.009178093707852041,0.0,0.0,0.004554401547670113,0.059858844412856355,0.0,0.0024734787878729304,0.07005411891468342,0.06453015367432922,0.03794745939402023,0.009829461354327091,0.04446465974857173,0.13174460870329877,0.00526612951003134,0.11260045367906875,0.09734286510851277,0.0,0.023374468587629094,0.02674159429426815,0.007196992730611832,0.07842163443717662,0.0,0.00027808092663999493,0.0,0.0118226192489964,0.0,0.07951222141874163,0.028700236056954653,0.0,0.0,0.0,0.0,0.0,0.08831713378812915,0.1488854170201577,0.10353568019066157,0.0,0.08992497115721372,0.049822425152464773,0.06536049255345557,0.0028602130078625183,0.12590476483901586,0.0,0.07500763191152464,0.0,0.0,0.3742329756098023,0.010950024408849504
90544686_pool0,0.010127164791347346,0.011434068668905126,0.0,0.0,0.007239669375589984,0.00704906164785956,0.0,0.0,0.004200762010951335,0.031496817204006544,0.0,0.002436192410048334,0.05415517088728312,0.0786032620549267,0.007849784654069965,0.009871111614303053,0.0341971985350749,0.1619596257973009,0.0,0.08665912800444435,0.12437989074294517,0.0,0.0024160718420719557,0.0122041048893853,0.004246077173464883,0.1161172805641709,0.0,0.0034760115829999363,0.0,0.017924616280736477,0.0,0.06229342168006016,0.0,0.0,0.0,0.0,0.0,0.0,0.07648385397099261,0.17859030987898045,0.07062964793250195,0.0,0.07510919804353303,0.03343132626524151,0.06104151727459286,0.04481366101785641,0.1197887109068261,0.0,0.07617740874672135,0.012911141018082094,0.0,0.3967532580546463,0.0
5102083_pool0,0.00865693298715394,0.014117039301947356,0.0,0.0,0.006313803200887037,0.0021336050696283567,0.0,0.0,0.004476366453284191,0.08061897813174702,0.0,0.002267695645939079,0.11445918752427049,0.03599915652948843,0.0159354457888002,0.00907975667475977,0.05567492472204781,0.1346549110967333,0.14422174939409774,0.11550484866425545,0.11796166095200165,0.20327472316336356,0.0,0.0,0.014540546979234806,0.07780153132023154,0.0,0.0,0.0,0.06864746660707587,0.10533753732590792,0.08299581887148452,0.03781577752660713,0.0,0.0,0.0,0.0,0.0,0.18781631660278464,0.32261548960333075,0.0708108381569939,0.0,0.06004404346132162,0.031371837235630966,0.06651221929448561,0.045817883704430275,0.1351837089249541,0.028803542725585225,0.11658929201285394,0.0024829117342465568,0.0,0.4504527068669084,0.011634984194231868
