"","projid","individualID"
"20",45115248,"R1015854"
"56",92613520,"R1344510"
"42",67429065,"R1407047"
"27",50302978,"R1620679"
"36",57978756,"R1743384"
"19",43074402,"R1969233"
"30",50406057,"R2045909"
"50",85065193,"R2494273"
"17",39989287,"R2543886"
"21",46246604,"R3121235"
"44",68914513,"R3623803"
"40",66406040,"R3811781"
"11",27313862,"R3922205"
"1",482428,"R3978789"
"55",92113025,"R4242008"
"5",5498462,"R4323608"
"58",99746564,"R4745715"
"22",46369736,"R5357999"
"7",14498577,"R5447358"
"41",67185070,"R5656511"
"16",39484737,"R5739959"
"38",65001607,"R5907586"
"9",17929065,"R5973191"
"8",16068769,"R6086139"
"2",2525608,"R6108690"
"25",50108750,"R6155093"
"24",50103093,"R6289070"
"45",70917649,"R6292415"
"52",87779516,"R6392007"
"31",50500136,"R6665276"
"18",41285665,"R6679530"
"47",77239958,"R6698302"
"39",65736039,"R6879714"
"53",89001223,"R6934314"
"46",72777797,"R7029629"
"57",94722642,"R7143693"
"23",50101523,"R7483736"
"43",67725478,"R7506996"
"32",51400993,"R7551006"
"35",52509923,"R7796947"
"34",52311825,"R7915228"
"29",50402693,"R8075334"
"12",29821047,"R8093392"
"6",8637647,"R8125311"
"37",61029627,"R8155560"
"51",87410220,"R8444624"
"10",22776575,"R8466373"
"28",50400259,"R8477425"
"49",82624422,"R8553520"
"54",89903942,"R8635714"
"13",30282435,"R8678748"
"14",36492755,"R9101940"
"4",4879843,"R9116123"
"26",50301387,"R9127940"
"15",37178462,"R9419876"
"48",77330002,"R9649089"
"33",51520126,"R9794121"
"3",2899847,"R9936070"
